timestamp,active_connections
2026-07-30T14:14:50.9979626+05:30,5 
2026-07-30T14:14:59.6144272+05:30,5 
2026-07-30T14:15:06.9882448+05:30,5 
2026-07-30T14:15:13.2684351+05:30,5 
2026-07-30T14:15:19.9320121+05:30,5 
2026-07-30T14:15:26.7318859+05:30,5 
2026-07-30T14:15:33.2170851+05:30,5 
2026-07-30T14:15:39.6295374+05:30,5 
2026-07-30T14:15:45.9873134+05:30,5 
2026-07-30T14:15:52.1967616+05:30,5 
2026-07-30T14:15:58.4221114+05:30,5 
2026-07-30T14:16:04.7486668+05:30,5 
2026-07-30T14:16:11.1287900+05:30,5 
2026-07-30T14:16:17.5490243+05:30,5 
2026-07-30T14:16:23.6891868+05:30,5 
2026-07-30T14:16:30.0853184+05:30,5 
2026-07-30T14:16:36.5988529+05:30,5 
2026-07-30T14:16:43.2727801+05:30,5 
2026-07-30T14:16:49.6093372+05:30,5 
timestamp,active_connections
2026-07-30T14:17:28.3712048+05:30,5 
2026-07-30T14:17:34.6057217+05:30,21 
2026-07-30T14:17:42.7161019+05:30,23 
2026-07-30T14:17:49.5564461+05:30,22 
2026-07-30T14:17:57.8887926+05:30,33 
2026-07-30T14:18:07.2392755+05:30,33 
2026-07-30T14:18:15.6668243+05:30,33 
2026-07-30T14:18:24.1751625+05:30,33 
2026-07-30T14:18:32.8029801+05:30,33 
2026-07-30T14:18:42.0356392+05:30,31 
2026-07-30T14:18:53.3725077+05:30,33 
2026-07-30T14:19:01.4209227+05:30,33 
2026-07-30T14:19:14.0947474+05:30,13 
2026-07-30T14:19:24.2633536+05:30,14 
2026-07-30T14:19:37.4471677+05:30,33 
2026-07-30T14:19:45.8257691+05:30,33 
2026-07-30T14:19:56.0348266+05:30,13 
2026-07-30T14:20:09.9559689+05:30,13 
2026-07-30T14:20:19.3953461+05:30,14 
2026-07-30T14:20:31.5133348+05:30,13 
2026-07-30T14:20:41.2964523+05:30,33 
2026-07-30T14:20:50.9413746+05:30,21 
2026-07-30T14:20:59.0599291+05:30,17 
2026-07-30T14:21:08.7042353+05:30,13 
2026-07-30T14:21:16.0345110+05:30,33 
2026-07-30T14:21:24.9808024+05:30,13 
2026-07-30T14:21:32.9878046+05:30,13 
2026-07-30T14:21:40.8356892+05:30,21 
2026-07-30T14:21:48.0495571+05:30,14 
2026-07-30T14:21:56.2756575+05:30,34 
2026-07-30T14:22:04.2556130+05:30,13 
2026-07-30T14:22:12.7871928+05:30,18 
2026-07-30T14:22:20.3238590+05:30,33 
2026-07-30T14:22:28.8475880+05:30,14 
2026-07-30T14:22:38.2870789+05:30,14 
2026-07-30T14:22:48.3295909+05:30,13 
2026-07-30T14:22:58.4887740+05:30,33 
2026-07-30T14:23:07.9883977+05:30,33 
2026-07-30T14:23:15.4156377+05:30,15 
2026-07-30T14:23:22.6520562+05:30,19 
2026-07-30T14:23:33.7759788+05:30,18 
2026-07-30T14:23:43.7329643+05:30,33 
2026-07-30T14:23:54.7899292+05:30,30 
2026-07-30T14:24:03.9386925+05:30,31 
2026-07-30T14:24:14.5333681+05:30,28 
2026-07-30T14:24:23.7343203+05:30,17 
2026-07-30T14:24:33.2000010+05:30,13 
2026-07-30T14:24:45.8025308+05:30,13 
2026-07-30T14:24:58.3221917+05:30,33 
2026-07-30T14:25:08.3358756+05:30,27 
2026-07-30T14:25:22.1052469+05:30,30 
2026-07-30T14:25:31.9281952+05:30,17 
2026-07-30T14:25:41.7125592+05:30,14 
2026-07-30T14:25:51.0529816+05:30,14 
2026-07-30T14:26:01.1815377+05:30,33 
2026-07-30T14:26:11.9831647+05:30,33 
2026-07-30T14:26:19.8175669+05:30,29 
2026-07-30T14:26:28.6513396+05:30,13 
2026-07-30T14:26:41.5936203+05:30,14 
2026-07-30T14:26:49.3284212+05:30,33 
2026-07-30T14:26:57.3846604+05:30,33 
2026-07-30T14:27:05.0466545+05:30,29 
2026-07-30T14:27:13.2018592+05:30,33 
2026-07-30T14:27:22.1075337+05:30,33 
2026-07-30T14:27:29.2345089+05:30,13 
2026-07-30T14:27:36.0934728+05:30,13 
2026-07-30T14:27:43.5813286+05:30,13 
2026-07-30T14:27:50.8063323+05:30,13 
2026-07-30T14:27:57.5194928+05:30,13 
2026-07-30T14:28:05.5610824+05:30,13 
2026-07-30T14:28:12.8883838+05:30,13 
2026-07-30T14:28:20.4060497+05:30,13 
2026-07-30T14:28:27.8874181+05:30,13 
2026-07-30T14:28:38.2884588+05:30,13 
2026-07-30T14:28:45.9821665+05:30,13 
2026-07-30T14:28:53.0275756+05:30,13 
2026-07-30T14:29:00.3610217+05:30,13 
2026-07-30T14:29:07.7766599+05:30,13 
2026-07-30T14:29:15.3998422+05:30,13 
2026-07-30T14:29:22.8766583+05:30,13 
2026-07-30T14:29:30.1293413+05:30,13 
2026-07-30T14:29:36.9462649+05:30,13 
2026-07-30T14:29:44.2225213+05:30,13 
2026-07-30T14:29:51.4139764+05:30,13 
2026-07-30T14:30:00.2569867+05:30,13 
2026-07-30T14:30:08.4072976+05:30,13 
2026-07-30T14:30:17.5732722+05:30,13 
2026-07-30T14:30:25.4103844+05:30,13 
2026-07-30T14:30:33.3822540+05:30,13 
2026-07-30T14:30:41.6061181+05:30,13 
2026-07-30T14:30:49.1174801+05:30,13 
2026-07-30T14:30:58.0994958+05:30,13 
2026-07-30T14:31:04.8533092+05:30,13 
2026-07-30T14:31:14.3858443+05:30,13 
2026-07-30T14:31:21.6774603+05:30,13 
2026-07-30T14:31:29.1055282+05:30,13 
2026-07-30T14:31:36.5135652+05:30,13 
2026-07-30T14:31:43.8178862+05:30,13 
2026-07-30T14:31:52.3907762+05:30,13 
2026-07-30T14:31:59.8364927+05:30,13 
2026-07-30T14:32:06.5803052+05:30,13 
2026-07-30T14:32:14.2740166+05:30,13 
2026-07-30T14:32:21.4568289+05:30,13 
2026-07-30T14:32:28.5541616+05:30,13 
2026-07-30T14:32:36.1900437+05:30,13 
2026-07-30T14:32:44.0785891+05:30,13 
2026-07-30T14:32:51.4161907+05:30,13 
2026-07-30T14:32:58.6822272+05:30,13 
2026-07-30T14:33:06.2686965+05:30,13 
2026-07-30T14:33:13.6563246+05:30,13 
2026-07-30T14:33:21.4033642+05:30,13 
2026-07-30T14:33:29.0745615+05:30,13 
2026-07-30T14:33:36.5964033+05:30,13 
2026-07-30T14:33:44.0679018+05:30,13 
2026-07-30T14:33:50.9413499+05:30,13 
2026-07-30T14:33:58.1734179+05:30,13 
2026-07-30T14:34:06.5284335+05:30,13 
2026-07-30T14:34:14.1570675+05:30,13 
2026-07-30T14:34:21.2058477+05:30,13 
2026-07-30T14:34:28.5829278+05:30,13 
2026-07-30T14:34:36.2111804+05:30,13 
2026-07-30T14:34:44.1272004+05:30,13 
2026-07-30T14:34:51.5071619+05:30,13 
2026-07-30T14:34:58.8349141+05:30,13 
2026-07-30T14:35:07.0200917+05:30,13 
2026-07-30T14:35:15.3020589+05:30,13 
2026-07-30T14:35:23.3628835+05:30,13 
2026-07-30T14:35:30.4263352+05:30,13 
2026-07-30T14:35:37.2876556+05:30,13 
2026-07-30T14:35:45.5494460+05:30,13 
2026-07-30T14:35:52.6610662+05:30,13 
2026-07-30T14:35:59.6410937+05:30,13 
